File Name,Alt Text
samsung-frame-installation-los-angeles-01.webp,"Samsung Frame TV installation in Los Angeles home, wall-mounted for a sleek modern look"
samsung-frame-installation-los-angeles-02.webp,"Samsung Frame TV installation in Los Angeles home, wall-mounted for a sleek modern look"
samsung-frame-installation-los-angeles-03.webp,"Samsung Frame TV installation in Los Angeles home, wall-mounted for a sleek modern look"
samsung-frame-installation-los-angeles-04.webp,"Samsung Frame TV installation in Los Angeles home, wall-mounted for a sleek modern look"
samsung-frame-installation-los-angeles-05.webp,"Samsung Frame TV installation in Los Angeles home, wall-mounted for a sleek modern look"
tv-mounting-los-angeles-01.webp,Professional TV mounting in Los Angeles with secure wall installation
tv-mounting-los-angeles-02.webp,Professional TV mounting in Los Angeles with secure wall installation
tv-mounting-los-angeles-03.webp,Professional TV mounting in Los Angeles with secure wall installation
tv-mounting-los-angeles-04.webp,Professional TV mounting in Los Angeles with secure wall installation
tv-mounting-los-angeles-05.webp,Professional TV mounting in Los Angeles with secure wall installation
tv-mounting-los-angeles-06.webp,Professional TV mounting in Los Angeles with secure wall installation
tv-mounting-los-angeles-07.webp,Professional TV mounting in Los Angeles with secure wall installation
tv-mounting-los-angeles-08.webp,Professional TV mounting in Los Angeles with secure wall installation
tv-mounting-los-angeles-09.webp,Professional TV mounting in Los Angeles with secure wall installation
tv-mounting-los-angeles-10.webp,Professional TV mounting in Los Angeles with secure wall installation
tv-mounting-los-angeles-11.webp,Professional TV mounting in Los Angeles with secure wall installation
tv-mounting-los-angeles-12.webp,Professional TV mounting in Los Angeles with secure wall installation
tv-mounting-los-angeles-13.webp,Professional TV mounting in Los Angeles with secure wall installation
tv-mounting-los-angeles-14.webp,Professional TV mounting in Los Angeles with secure wall installation
tv-mounting-los-angeles-15.webp,Professional TV mounting in Los Angeles with secure wall installation
tv-mounting-los-angeles-16.webp,Professional TV mounting in Los Angeles with secure wall installation
tv-mounting-los-angeles-17.webp,Professional TV mounting in Los Angeles with secure wall installation
tv-mounting-los-angeles-18.webp,Professional TV mounting in Los Angeles with secure wall installation
tv-mounting-los-angeles-19.webp,Professional TV mounting in Los Angeles with secure wall installation
tv-mounting-los-angeles-20.webp,Professional TV mounting in Los Angeles with secure wall installation
tv-mounting-los-angeles-21.webp,Professional TV mounting in Los Angeles with secure wall installation
tv-mounting-service-los-angeles-01.webp,Expert TV mounting service in Los Angeles for home entertainment setups
tv-mounting-service-los-angeles-02.webp,Expert TV mounting service in Los Angeles for home entertainment setups
tv-wall-installation-los-angeles-01.webp,Professional TV wall installation in Los Angeles living room with concealed wiring
tv-wall-installation-los-angeles-02.webp,Professional TV wall installation in Los Angeles living room with concealed wiring
tv-wall-installation-los-angeles-03.webp,Professional TV wall installation in Los Angeles living room with concealed wiring
tv-wall-installation-los-angeles-04.webp,Professional TV wall installation in Los Angeles living room with concealed wiring
tv-wall-installation-los-angeles-06.webp,Professional TV wall installation in Los Angeles living room with concealed wiring
tv-wall-installation-los-angeles-05.webp,Professional TV wall installation in Los Angeles living room with concealed wiring
